{
    "mse": 0.7831125909454114,
    "r2": 0.21757313390451205
}